{
    "fx": 319.9988245765257,
    "fy": 319.9988245765257,
    "cx": 320.5,
    "cy": 240.5
  }